experiment,config,strategy,throughput,p50,p90,p99,p99.9,max,errorRate,slowRequests
ConcurrencySweep,SimulationConfig[numServers=1000| numClients=50| numRequests=50000| gcPauseMs=50| gcIntervalMs=100| baseLatencyMs=10| prequalProbeCount=3| prequalPoolSize=16| prequalQuantile=0.8| experimentName=ConcurrencySweep],RoundRobin,3560.72,12.00,14.00,55.00,62.00,71.00,0.00,0
ConcurrencySweep,SimulationConfig[numServers=1000| numClients=50| numRequests=50000| gcPauseMs=50| gcIntervalMs=100| baseLatencyMs=10| prequalProbeCount=3| prequalPoolSize=16| prequalQuantile=0.8| experimentName=ConcurrencySweep],LeastConnections,832.97,112.00,114.00,159.00,163.00,168.00,0.00,26396
ConcurrencySweep,SimulationConfig[numServers=1000| numClients=50| numRequests=50000| gcPauseMs=50| gcIntervalMs=100| baseLatencyMs=10| prequalProbeCount=3| prequalPoolSize=16| prequalQuantile=0.8| experimentName=ConcurrencySweep],P2CLeastConnections,3569.54,12.00,14.00,55.00,62.00,73.00,0.00,0
ConcurrencySweep,SimulationConfig[numServers=1000| numClients=50| numRequests=50000| gcPauseMs=50| gcIntervalMs=100| baseLatencyMs=10| prequalProbeCount=3| prequalPoolSize=16| prequalQuantile=0.8| experimentName=ConcurrencySweep],Prequal,3511.92,12.00,14.00,56.00,62.00,77.00,0.00,0
ConcurrencySweep,SimulationConfig[numServers=1000| numClients=150| numRequests=50000| gcPauseMs=50| gcIntervalMs=100| baseLatencyMs=10| prequalProbeCount=3| prequalPoolSize=16| prequalQuantile=0.8| experimentName=ConcurrencySweep],RoundRobin,10543.49,12.00,14.00,55.00,62.00,69.00,0.00,0
ConcurrencySweep,SimulationConfig[numServers=1000| numClients=150| numRequests=50000| gcPauseMs=50| gcIntervalMs=100| baseLatencyMs=10| prequalProbeCount=3| prequalPoolSize=16| prequalQuantile=0.8| experimentName=ConcurrencySweep],LeastConnections,1318.79,112.00,114.00,160.00,163.00,192.00,0.00,50000
ConcurrencySweep,SimulationConfig[numServers=1000| numClients=150| numRequests=50000| gcPauseMs=50| gcIntervalMs=100| baseLatencyMs=10| prequalProbeCount=3| prequalPoolSize=16| prequalQuantile=0.8| experimentName=ConcurrencySweep],P2CLeastConnections,10539.05,12.00,14.00,56.00,63.00,104.00,0.00,4
ConcurrencySweep,SimulationConfig[numServers=1000| numClients=150| numRequests=50000| gcPauseMs=50| gcIntervalMs=100| baseLatencyMs=10| prequalProbeCount=3| prequalPoolSize=16| prequalQuantile=0.8| experimentName=ConcurrencySweep],Prequal,10418.78,12.00,14.00,57.00,63.00,74.00,0.00,0
ConcurrencySweep,SimulationConfig[numServers=1000| numClients=250| numRequests=50000| gcPauseMs=50| gcIntervalMs=100| baseLatencyMs=10| prequalProbeCount=3| prequalPoolSize=16| prequalQuantile=0.8| experimentName=ConcurrencySweep],RoundRobin,17099.33,12.00,16.00,56.00,65.00,105.00,0.00,1
ConcurrencySweep,SimulationConfig[numServers=1000| numClients=250| numRequests=50000| gcPauseMs=50| gcIntervalMs=100| baseLatencyMs=10| prequalProbeCount=3| prequalPoolSize=16| prequalQuantile=0.8| experimentName=ConcurrencySweep],LeastConnections,2175.49,112.00,114.00,162.00,253.00,328.00,0.00,50000
ConcurrencySweep,SimulationConfig[numServers=1000| numClients=250| numRequests=50000| gcPauseMs=50| gcIntervalMs=100| baseLatencyMs=10| prequalProbeCount=3| prequalPoolSize=16| prequalQuantile=0.8| experimentName=ConcurrencySweep],P2CLeastConnections,17662.80,12.00,14.00,56.00,62.00,71.00,0.00,0
ConcurrencySweep,SimulationConfig[numServers=1000| numClients=250| numRequests=50000| gcPauseMs=50| gcIntervalMs=100| baseLatencyMs=10| prequalProbeCount=3| prequalPoolSize=16| prequalQuantile=0.8| experimentName=ConcurrencySweep],Prequal,17251.75,12.00,14.00,57.00,66.00,74.00,0.00,0
ConcurrencySweep,SimulationConfig[numServers=1000| numClients=350| numRequests=50000| gcPauseMs=50| gcIntervalMs=100| baseLatencyMs=10| prequalProbeCount=3| prequalPoolSize=16| prequalQuantile=0.8| experimentName=ConcurrencySweep],RoundRobin,24293.98,12.00,14.00,55.00,62.00,67.00,0.00,0
ConcurrencySweep,SimulationConfig[numServers=1000| numClients=350| numRequests=50000| gcPauseMs=50| gcIntervalMs=100| baseLatencyMs=10| prequalProbeCount=3| prequalPoolSize=16| prequalQuantile=0.8| experimentName=ConcurrencySweep],LeastConnections,3065.39,112.00,114.00,160.00,164.00,196.00,0.00,50000
ConcurrencySweep,SimulationConfig[numServers=1000| numClients=350| numRequests=50000| gcPauseMs=50| gcIntervalMs=100| baseLatencyMs=10| prequalProbeCount=3| prequalPoolSize=16| prequalQuantile=0.8| experimentName=ConcurrencySweep],P2CLeastConnections,24520.99,12.00,14.00,57.00,63.00,72.00,0.00,0
ConcurrencySweep,SimulationConfig[numServers=1000| numClients=350| numRequests=50000| gcPauseMs=50| gcIntervalMs=100| baseLatencyMs=10| prequalProbeCount=3| prequalPoolSize=16| prequalQuantile=0.8| experimentName=ConcurrencySweep],Prequal,24069.60,12.00,14.00,57.00,67.00,74.00,0.00,0
ConcurrencySweep,SimulationConfig[numServers=1000| numClients=450| numRequests=50000| gcPauseMs=50| gcIntervalMs=100| baseLatencyMs=10| prequalProbeCount=3| prequalPoolSize=16| prequalQuantile=0.8| experimentName=ConcurrencySweep],RoundRobin,30955.58,12.00,14.00,55.00,61.00,68.00,0.00,0
ConcurrencySweep,SimulationConfig[numServers=1000| numClients=450| numRequests=50000| gcPauseMs=50| gcIntervalMs=100| baseLatencyMs=10| prequalProbeCount=3| prequalPoolSize=16| prequalQuantile=0.8| experimentName=ConcurrencySweep],LeastConnections,3926.25,112.00,114.00,160.00,164.00,199.00,0.00,50000
ConcurrencySweep,SimulationConfig[numServers=1000| numClients=450| numRequests=50000| gcPauseMs=50| gcIntervalMs=100| baseLatencyMs=10| prequalProbeCount=3| prequalPoolSize=16| prequalQuantile=0.8| experimentName=ConcurrencySweep],P2CLeastConnections,31520.53,12.00,14.00,57.00,64.00,74.00,0.00,0
ConcurrencySweep,SimulationConfig[numServers=1000| numClients=450| numRequests=50000| gcPauseMs=50| gcIntervalMs=100| baseLatencyMs=10| prequalProbeCount=3| prequalPoolSize=16| prequalQuantile=0.8| experimentName=ConcurrencySweep],Prequal,30861.01,12.00,14.00,58.00,67.00,75.00,0.00,0
ConcurrencySweep,SimulationConfig[numServers=1000| numClients=550| numRequests=50000| gcPauseMs=50| gcIntervalMs=100| baseLatencyMs=10| prequalProbeCount=3| prequalPoolSize=16| prequalQuantile=0.8| experimentName=ConcurrencySweep],RoundRobin,37567.34,12.00,14.00,54.00,62.00,68.00,0.00,0
ConcurrencySweep,SimulationConfig[numServers=1000| numClients=550| numRequests=50000| gcPauseMs=50| gcIntervalMs=100| baseLatencyMs=10| prequalProbeCount=3| prequalPoolSize=16| prequalQuantile=0.8| experimentName=ConcurrencySweep],LeastConnections,4776.23,112.00,114.00,161.00,169.00,204.00,0.00,50000
ConcurrencySweep,SimulationConfig[numServers=1000| numClients=550| numRequests=50000| gcPauseMs=50| gcIntervalMs=100| baseLatencyMs=10| prequalProbeCount=3| prequalPoolSize=16| prequalQuantile=0.8| experimentName=ConcurrencySweep],P2CLeastConnections,38219.47,12.00,14.00,57.00,66.00,74.00,0.00,0
ConcurrencySweep,SimulationConfig[numServers=1000| numClients=550| numRequests=50000| gcPauseMs=50| gcIntervalMs=100| baseLatencyMs=10| prequalProbeCount=3| prequalPoolSize=16| prequalQuantile=0.8| experimentName=ConcurrencySweep],Prequal,37195.01,12.00,14.00,59.00,69.00,74.00,0.00,0
ConcurrencySweep,SimulationConfig[numServers=1000| numClients=650| numRequests=50000| gcPauseMs=50| gcIntervalMs=100| baseLatencyMs=10| prequalProbeCount=3| prequalPoolSize=16| prequalQuantile=0.8| experimentName=ConcurrencySweep],RoundRobin,44063.24,12.00,14.00,56.00,62.00,67.00,0.00,0
ConcurrencySweep,SimulationConfig[numServers=1000| numClients=650| numRequests=50000| gcPauseMs=50| gcIntervalMs=100| baseLatencyMs=10| prequalProbeCount=3| prequalPoolSize=16| prequalQuantile=0.8| experimentName=ConcurrencySweep],LeastConnections,5647.06,112.00,114.00,161.00,164.00,213.00,0.00,50000
ConcurrencySweep,SimulationConfig[numServers=1000| numClients=650| numRequests=50000| gcPauseMs=50| gcIntervalMs=100| baseLatencyMs=10| prequalProbeCount=3| prequalPoolSize=16| prequalQuantile=0.8| experimentName=ConcurrencySweep],P2CLeastConnections,45147.77,12.00,14.00,57.00,66.00,76.00,0.00,0
ConcurrencySweep,SimulationConfig[numServers=1000| numClients=650| numRequests=50000| gcPauseMs=50| gcIntervalMs=100| baseLatencyMs=10| prequalProbeCount=3| prequalPoolSize=16| prequalQuantile=0.8| experimentName=ConcurrencySweep],Prequal,43527.72,12.00,14.00,59.00,69.00,76.00,0.00,0
ConcurrencySweep,SimulationConfig[numServers=1000| numClients=750| numRequests=50000| gcPauseMs=50| gcIntervalMs=100| baseLatencyMs=10| prequalProbeCount=3| prequalPoolSize=16| prequalQuantile=0.8| experimentName=ConcurrencySweep],RoundRobin,41093.35,13.00,23.00,74.00,111.00,135.00,0.00,114
ConcurrencySweep,SimulationConfig[numServers=1000| numClients=750| numRequests=50000| gcPauseMs=50| gcIntervalMs=100| baseLatencyMs=10| prequalProbeCount=3| prequalPoolSize=16| prequalQuantile=0.8| experimentName=ConcurrencySweep],LeastConnections,6528.23,112.00,114.00,160.00,164.00,177.00,0.00,50000
ConcurrencySweep,SimulationConfig[numServers=1000| numClients=750| numRequests=50000| gcPauseMs=50| gcIntervalMs=100| baseLatencyMs=10| prequalProbeCount=3| prequalPoolSize=16| prequalQuantile=0.8| experimentName=ConcurrencySweep],P2CLeastConnections,51584.12,12.00,14.00,59.00,68.00,75.00,0.00,0
ConcurrencySweep,SimulationConfig[numServers=1000| numClients=750| numRequests=50000| gcPauseMs=50| gcIntervalMs=100| baseLatencyMs=10| prequalProbeCount=3| prequalPoolSize=16| prequalQuantile=0.8| experimentName=ConcurrencySweep],Prequal,50171.92,12.00,14.00,59.00,69.00,76.00,0.00,0
ConcurrencySweep,SimulationConfig[numServers=1000| numClients=850| numRequests=50000| gcPauseMs=50| gcIntervalMs=100| baseLatencyMs=10| prequalProbeCount=3| prequalPoolSize=16| prequalQuantile=0.8| experimentName=ConcurrencySweep],RoundRobin,51709.45,12.00,21.00,61.00,107.00,128.00,0.00,73
ConcurrencySweep,SimulationConfig[numServers=1000| numClients=850| numRequests=50000| gcPauseMs=50| gcIntervalMs=100| baseLatencyMs=10| prequalProbeCount=3| prequalPoolSize=16| prequalQuantile=0.8| experimentName=ConcurrencySweep],LeastConnections,7334.23,112.00,114.00,161.00,176.00,210.00,0.00,50000
ConcurrencySweep,SimulationConfig[numServers=1000| numClients=850| numRequests=50000| gcPauseMs=50| gcIntervalMs=100| baseLatencyMs=10| prequalProbeCount=3| prequalPoolSize=16| prequalQuantile=0.8| experimentName=ConcurrencySweep],P2CLeastConnections,55290.48,12.00,14.00,59.00,75.00,105.00,0.00,3
ConcurrencySweep,SimulationConfig[numServers=1000| numClients=850| numRequests=50000| gcPauseMs=50| gcIntervalMs=100| baseLatencyMs=10| prequalProbeCount=3| prequalPoolSize=16| prequalQuantile=0.8| experimentName=ConcurrencySweep],Prequal,48659.64,12.00,14.00,63.00,105.00,131.00,0.00,156
ConcurrencySweep,SimulationConfig[numServers=1000| numClients=950| numRequests=50000| gcPauseMs=50| gcIntervalMs=100| baseLatencyMs=10| prequalProbeCount=3| prequalPoolSize=16| prequalQuantile=0.8| experimentName=ConcurrencySweep],RoundRobin,61338.26,12.00,14.00,60.00,79.00,100.00,0.00,0
ConcurrencySweep,SimulationConfig[numServers=1000| numClients=950| numRequests=50000| gcPauseMs=50| gcIntervalMs=100| baseLatencyMs=10| prequalProbeCount=3| prequalPoolSize=16| prequalQuantile=0.8| experimentName=ConcurrencySweep],LeastConnections,8161.41,112.00,114.00,160.00,172.00,208.00,0.00,50000
ConcurrencySweep,SimulationConfig[numServers=1000| numClients=950| numRequests=50000| gcPauseMs=50| gcIntervalMs=100| baseLatencyMs=10| prequalProbeCount=3| prequalPoolSize=16| prequalQuantile=0.8| experimentName=ConcurrencySweep],P2CLeastConnections,64328.98,12.00,14.00,58.00,68.00,79.00,0.00,0
ConcurrencySweep,SimulationConfig[numServers=1000| numClients=950| numRequests=50000| gcPauseMs=50| gcIntervalMs=100| baseLatencyMs=10| prequalProbeCount=3| prequalPoolSize=16| prequalQuantile=0.8| experimentName=ConcurrencySweep],Prequal,58570.74,12.00,21.00,63.00,83.00,121.00,0.00,15
ConcurrencySweep,SimulationConfig[numServers=1000| numClients=1050| numRequests=50000| gcPauseMs=50| gcIntervalMs=100| baseLatencyMs=10| prequalProbeCount=3| prequalPoolSize=16| prequalQuantile=0.8| experimentName=ConcurrencySweep],RoundRobin,67368.16,12.00,15.00,60.00,74.00,98.00,0.00,0
ConcurrencySweep,SimulationConfig[numServers=1000| numClients=1050| numRequests=50000| gcPauseMs=50| gcIntervalMs=100| baseLatencyMs=10| prequalProbeCount=3| prequalPoolSize=16| prequalQuantile=0.8| experimentName=ConcurrencySweep],LeastConnections,9008.27,112.00,114.00,162.00,174.00,215.00,0.00,50000
ConcurrencySweep,SimulationConfig[numServers=1000| numClients=1050| numRequests=50000| gcPauseMs=50| gcIntervalMs=100| baseLatencyMs=10| prequalProbeCount=3| prequalPoolSize=16| prequalQuantile=0.8| experimentName=ConcurrencySweep],P2CLeastConnections,67173.16,12.00,16.00,60.00,72.00,92.00,0.00,0
ConcurrencySweep,SimulationConfig[numServers=1000| numClients=1050| numRequests=50000| gcPauseMs=50| gcIntervalMs=100| baseLatencyMs=10| prequalProbeCount=3| prequalPoolSize=16| prequalQuantile=0.8| experimentName=ConcurrencySweep],Prequal,63036.10,12.00,14.00,78.00,114.00,142.00,0.00,103
ConcurrencySweep,SimulationConfig[numServers=1000| numClients=1150| numRequests=50000| gcPauseMs=50| gcIntervalMs=100| baseLatencyMs=10| prequalProbeCount=3| prequalPoolSize=16| prequalQuantile=0.8| experimentName=ConcurrencySweep],RoundRobin,72259.76,12.00,17.00,61.00,75.00,91.00,0.00,0
ConcurrencySweep,SimulationConfig[numServers=1000| numClients=1150| numRequests=50000| gcPauseMs=50| gcIntervalMs=100| baseLatencyMs=10| prequalProbeCount=3| prequalPoolSize=16| prequalQuantile=0.8| experimentName=ConcurrencySweep],LeastConnections,9848.91,112.00,115.00,161.00,177.00,213.00,0.00,50000
ConcurrencySweep,SimulationConfig[numServers=1000| numClients=1150| numRequests=50000| gcPauseMs=50| gcIntervalMs=100| baseLatencyMs=10| prequalProbeCount=3| prequalPoolSize=16| prequalQuantile=0.8| experimentName=ConcurrencySweep],P2CLeastConnections,77265.04,12.00,14.00,59.00,70.00,82.00,0.00,0
ConcurrencySweep,SimulationConfig[numServers=1000| numClients=1150| numRequests=50000| gcPauseMs=50| gcIntervalMs=100| baseLatencyMs=10| prequalProbeCount=3| prequalPoolSize=16| prequalQuantile=0.8| experimentName=ConcurrencySweep],Prequal,70322.47,12.00,17.00,63.00,99.00,123.00,0.00,40
ConcurrencySweep,SimulationConfig[numServers=1000| numClients=1250| numRequests=50000| gcPauseMs=50| gcIntervalMs=100| baseLatencyMs=10| prequalProbeCount=3| prequalPoolSize=16| prequalQuantile=0.8| experimentName=ConcurrencySweep],RoundRobin,81319.39,12.00,14.00,60.00,66.00,82.00,0.00,0
ConcurrencySweep,SimulationConfig[numServers=1000| numClients=1250| numRequests=50000| gcPauseMs=50| gcIntervalMs=100| baseLatencyMs=10| prequalProbeCount=3| prequalPoolSize=16| prequalQuantile=0.8| experimentName=ConcurrencySweep],LeastConnections,10688.46,112.00,114.00,160.00,172.00,194.00,0.00,50000
ConcurrencySweep,SimulationConfig[numServers=1000| numClients=1250| numRequests=50000| gcPauseMs=50| gcIntervalMs=100| baseLatencyMs=10| prequalProbeCount=3| prequalPoolSize=16| prequalQuantile=0.8| experimentName=ConcurrencySweep],P2CLeastConnections,83034.63,12.00,14.00,59.00,70.00,81.00,0.00,0
ConcurrencySweep,SimulationConfig[numServers=1000| numClients=1250| numRequests=50000| gcPauseMs=50| gcIntervalMs=100| baseLatencyMs=10| prequalProbeCount=3| prequalPoolSize=16| prequalQuantile=0.8| experimentName=ConcurrencySweep],Prequal,82737.01,12.00,14.00,60.00,71.00,81.00,0.00,0
ConcurrencySweep,SimulationConfig[numServers=1000| numClients=1350| numRequests=50000| gcPauseMs=50| gcIntervalMs=100| baseLatencyMs=10| prequalProbeCount=3| prequalPoolSize=16| prequalQuantile=0.8| experimentName=ConcurrencySweep],RoundRobin,87902.49,12.00,14.00,61.00,66.00,71.00,0.00,0
ConcurrencySweep,SimulationConfig[numServers=1000| numClients=1350| numRequests=50000| gcPauseMs=50| gcIntervalMs=100| baseLatencyMs=10| prequalProbeCount=3| prequalPoolSize=16| prequalQuantile=0.8| experimentName=ConcurrencySweep],LeastConnections,11120.92,113.00,134.00,202.00,234.00,277.00,0.00,50000
ConcurrencySweep,SimulationConfig[numServers=1000| numClients=1350| numRequests=50000| gcPauseMs=50| gcIntervalMs=100| baseLatencyMs=10| prequalProbeCount=3| prequalPoolSize=16| prequalQuantile=0.8| experimentName=ConcurrencySweep],P2CLeastConnections,78500.30,12.00,15.00,64.00,120.00,140.00,0.00,139
ConcurrencySweep,SimulationConfig[numServers=1000| numClients=1350| numRequests=50000| gcPauseMs=50| gcIntervalMs=100| baseLatencyMs=10| prequalProbeCount=3| prequalPoolSize=16| prequalQuantile=0.8| experimentName=ConcurrencySweep],Prequal,83281.34,12.00,18.00,62.00,74.00,89.00,0.00,0
ConcurrencySweep,SimulationConfig[numServers=1000| numClients=1450| numRequests=50000| gcPauseMs=50| gcIntervalMs=100| baseLatencyMs=10| prequalProbeCount=3| prequalPoolSize=16| prequalQuantile=0.8| experimentName=ConcurrencySweep],RoundRobin,94017.11,12.00,14.00,59.00,67.00,70.00,0.00,0
ConcurrencySweep,SimulationConfig[numServers=1000| numClients=1450| numRequests=50000| gcPauseMs=50| gcIntervalMs=100| baseLatencyMs=10| prequalProbeCount=3| prequalPoolSize=16| prequalQuantile=0.8| experimentName=ConcurrencySweep],LeastConnections,12363.94,112.00,114.00,162.00,171.00,216.00,0.00,50000
ConcurrencySweep,SimulationConfig[numServers=1000| numClients=1450| numRequests=50000| gcPauseMs=50| gcIntervalMs=100| baseLatencyMs=10| prequalProbeCount=3| prequalPoolSize=16| prequalQuantile=0.8| experimentName=ConcurrencySweep],P2CLeastConnections,93393.61,12.00,14.00,60.00,71.00,85.00,0.00,0
ConcurrencySweep,SimulationConfig[numServers=1000| numClients=1450| numRequests=50000| gcPauseMs=50| gcIntervalMs=100| baseLatencyMs=10| prequalProbeCount=3| prequalPoolSize=16| prequalQuantile=0.8| experimentName=ConcurrencySweep],Prequal,90632.36,12.00,15.00,61.00,73.00,87.00,0.00,0
ConcurrencySweep,SimulationConfig[numServers=1000| numClients=1550| numRequests=50000| gcPauseMs=50| gcIntervalMs=100| baseLatencyMs=10| prequalProbeCount=3| prequalPoolSize=16| prequalQuantile=0.8| experimentName=ConcurrencySweep],RoundRobin,100231.41,12.00,14.00,58.00,68.00,71.00,0.00,0
ConcurrencySweep,SimulationConfig[numServers=1000| numClients=1550| numRequests=50000| gcPauseMs=50| gcIntervalMs=100| baseLatencyMs=10| prequalProbeCount=3| prequalPoolSize=16| prequalQuantile=0.8| experimentName=ConcurrencySweep],LeastConnections,13161.86,112.00,115.00,160.00,164.00,189.00,0.00,50000
ConcurrencySweep,SimulationConfig[numServers=1000| numClients=1550| numRequests=50000| gcPauseMs=50| gcIntervalMs=100| baseLatencyMs=10| prequalProbeCount=3| prequalPoolSize=16| prequalQuantile=0.8| experimentName=ConcurrencySweep],P2CLeastConnections,103442.05,12.00,14.00,58.00,69.00,75.00,0.00,0
ConcurrencySweep,SimulationConfig[numServers=1000| numClients=1550| numRequests=50000| gcPauseMs=50| gcIntervalMs=100| baseLatencyMs=10| prequalProbeCount=3| prequalPoolSize=16| prequalQuantile=0.8| experimentName=ConcurrencySweep],Prequal,100038.62,12.00,14.00,59.00,72.00,82.00,0.00,0
ConcurrencySweep,SimulationConfig[numServers=1000| numClients=1650| numRequests=50000| gcPauseMs=50| gcIntervalMs=100| baseLatencyMs=10| prequalProbeCount=3| prequalPoolSize=16| prequalQuantile=0.8| experimentName=ConcurrencySweep],RoundRobin,105697.64,12.00,14.00,60.00,69.00,76.00,0.00,0
ConcurrencySweep,SimulationConfig[numServers=1000| numClients=1650| numRequests=50000| gcPauseMs=50| gcIntervalMs=100| baseLatencyMs=10| prequalProbeCount=3| prequalPoolSize=16| prequalQuantile=0.8| experimentName=ConcurrencySweep],LeastConnections,13984.34,112.00,114.00,160.00,167.00,197.00,0.00,50000
ConcurrencySweep,SimulationConfig[numServers=1000| numClients=1650| numRequests=50000| gcPauseMs=50| gcIntervalMs=100| baseLatencyMs=10| prequalProbeCount=3| prequalPoolSize=16| prequalQuantile=0.8| experimentName=ConcurrencySweep],P2CLeastConnections,104732.05,12.00,14.00,59.00,70.00,83.00,0.00,0
ConcurrencySweep,SimulationConfig[numServers=1000| numClients=1650| numRequests=50000| gcPauseMs=50| gcIntervalMs=100| baseLatencyMs=10| prequalProbeCount=3| prequalPoolSize=16| prequalQuantile=0.8| experimentName=ConcurrencySweep],Prequal,106025.10,12.00,14.00,60.00,72.00,84.00,0.00,0
ConcurrencySweep,SimulationConfig[numServers=1000| numClients=1750| numRequests=50000| gcPauseMs=50| gcIntervalMs=100| baseLatencyMs=10| prequalProbeCount=3| prequalPoolSize=16| prequalQuantile=0.8| experimentName=ConcurrencySweep],RoundRobin,112116.30,12.00,14.00,59.00,68.00,72.00,0.00,0
ConcurrencySweep,SimulationConfig[numServers=1000| numClients=1750| numRequests=50000| gcPauseMs=50| gcIntervalMs=100| baseLatencyMs=10| prequalProbeCount=3| prequalPoolSize=16| prequalQuantile=0.8| experimentName=ConcurrencySweep],LeastConnections,14975.59,112.00,114.00,160.00,163.00,174.00,0.00,50000
ConcurrencySweep,SimulationConfig[numServers=1000| numClients=1750| numRequests=50000| gcPauseMs=50| gcIntervalMs=100| baseLatencyMs=10| prequalProbeCount=3| prequalPoolSize=16| prequalQuantile=0.8| experimentName=ConcurrencySweep],P2CLeastConnections,115642.97,12.00,14.00,57.00,70.00,76.00,0.00,0
ConcurrencySweep,SimulationConfig[numServers=1000| numClients=1750| numRequests=50000| gcPauseMs=50| gcIntervalMs=100| baseLatencyMs=10| prequalProbeCount=3| prequalPoolSize=16| prequalQuantile=0.8| experimentName=ConcurrencySweep],Prequal,106696.47,12.00,17.00,61.00,75.00,93.00,0.00,0
ConcurrencySweep,SimulationConfig[numServers=1000| numClients=1850| numRequests=50000| gcPauseMs=50| gcIntervalMs=100| baseLatencyMs=10| prequalProbeCount=3| prequalPoolSize=16| prequalQuantile=0.8| experimentName=ConcurrencySweep],RoundRobin,117160.97,12.00,14.00,59.00,69.00,72.00,0.00,0
ConcurrencySweep,SimulationConfig[numServers=1000| numClients=1850| numRequests=50000| gcPauseMs=50| gcIntervalMs=100| baseLatencyMs=10| prequalProbeCount=3| prequalPoolSize=16| prequalQuantile=0.8| experimentName=ConcurrencySweep],LeastConnections,15661.33,112.00,114.00,160.00,164.00,164.00,0.00,50000
ConcurrencySweep,SimulationConfig[numServers=1000| numClients=1850| numRequests=50000| gcPauseMs=50| gcIntervalMs=100| baseLatencyMs=10| prequalProbeCount=3| prequalPoolSize=16| prequalQuantile=0.8| experimentName=ConcurrencySweep],P2CLeastConnections,120347.62,12.00,14.00,58.00,69.00,76.00,0.00,0
ConcurrencySweep,SimulationConfig[numServers=1000| numClients=1850| numRequests=50000| gcPauseMs=50| gcIntervalMs=100| baseLatencyMs=10| prequalProbeCount=3| prequalPoolSize=16| prequalQuantile=0.8| experimentName=ConcurrencySweep],Prequal,119273.77,12.00,14.00,60.00,72.00,84.00,0.00,0
ConcurrencySweep,SimulationConfig[numServers=1000| numClients=1950| numRequests=50000| gcPauseMs=50| gcIntervalMs=100| baseLatencyMs=10| prequalProbeCount=3| prequalPoolSize=16| prequalQuantile=0.8| experimentName=ConcurrencySweep],RoundRobin,122408.96,12.00,14.00,60.00,69.00,73.00,0.00,0
ConcurrencySweep,SimulationConfig[numServers=1000| numClients=1950| numRequests=50000| gcPauseMs=50| gcIntervalMs=100| baseLatencyMs=10| prequalProbeCount=3| prequalPoolSize=16| prequalQuantile=0.8| experimentName=ConcurrencySweep],LeastConnections,16525.81,112.00,114.00,160.00,164.00,183.00,0.00,50000
ConcurrencySweep,SimulationConfig[numServers=1000| numClients=1950| numRequests=50000| gcPauseMs=50| gcIntervalMs=100| baseLatencyMs=10| prequalProbeCount=3| prequalPoolSize=16| prequalQuantile=0.8| experimentName=ConcurrencySweep],P2CLeastConnections,126211.70,12.00,14.00,58.00,70.00,75.00,0.00,0
ConcurrencySweep,SimulationConfig[numServers=1000| numClients=1950| numRequests=50000| gcPauseMs=50| gcIntervalMs=100| baseLatencyMs=10| prequalProbeCount=3| prequalPoolSize=16| prequalQuantile=0.8| experimentName=ConcurrencySweep],Prequal,42036.83,13.00,77.00,398.00,527.00,570.00,0.00,4247
ConcurrencySweep,SimulationConfig[numServers=1000| numClients=2050| numRequests=50000| gcPauseMs=50| gcIntervalMs=100| baseLatencyMs=10| prequalProbeCount=3| prequalPoolSize=16| prequalQuantile=0.8| experimentName=ConcurrencySweep],RoundRobin,92655.16,13.00,30.00,70.00,87.00,98.00,0.00,0
ConcurrencySweep,SimulationConfig[numServers=1000| numClients=2050| numRequests=50000| gcPauseMs=50| gcIntervalMs=100| baseLatencyMs=10| prequalProbeCount=3| prequalPoolSize=16| prequalQuantile=0.8| experimentName=ConcurrencySweep],LeastConnections,17284.70,112.00,116.00,160.00,167.00,179.00,0.00,50000
ConcurrencySweep,SimulationConfig[numServers=1000| numClients=2050| numRequests=50000| gcPauseMs=50| gcIntervalMs=100| baseLatencyMs=10| prequalProbeCount=3| prequalPoolSize=16| prequalQuantile=0.8| experimentName=ConcurrencySweep],P2CLeastConnections,126774.42,12.00,14.00,59.00,71.00,85.00,0.00,0
ConcurrencySweep,SimulationConfig[numServers=1000| numClients=2050| numRequests=50000| gcPauseMs=50| gcIntervalMs=100| baseLatencyMs=10| prequalProbeCount=3| prequalPoolSize=16| prequalQuantile=0.8| experimentName=ConcurrencySweep],Prequal,125838.08,12.00,16.00,60.00,72.00,80.00,0.00,0
ConcurrencySweep,SimulationConfig[numServers=1000| numClients=2150| numRequests=50000| gcPauseMs=50| gcIntervalMs=100| baseLatencyMs=10| prequalProbeCount=3| prequalPoolSize=16| prequalQuantile=0.8| experimentName=ConcurrencySweep],RoundRobin,133000.49,12.00,14.00,60.00,70.00,73.00,0.00,0
ConcurrencySweep,SimulationConfig[numServers=1000| numClients=2150| numRequests=50000| gcPauseMs=50| gcIntervalMs=100| baseLatencyMs=10| prequalProbeCount=3| prequalPoolSize=16| prequalQuantile=0.8| experimentName=ConcurrencySweep],LeastConnections,17652.64,113.00,118.00,180.00,212.00,241.00,0.00,50000
ConcurrencySweep,SimulationConfig[numServers=1000| numClients=2150| numRequests=50000| gcPauseMs=50| gcIntervalMs=100| baseLatencyMs=10| prequalProbeCount=3| prequalPoolSize=16| prequalQuantile=0.8| experimentName=ConcurrencySweep],P2CLeastConnections,135887.78,12.00,14.00,59.00,71.00,79.00,0.00,0
ConcurrencySweep,SimulationConfig[numServers=1000| numClients=2150| numRequests=50000| gcPauseMs=50| gcIntervalMs=100| baseLatencyMs=10| prequalProbeCount=3| prequalPoolSize=16| prequalQuantile=0.8| experimentName=ConcurrencySweep],Prequal,132821.06,12.00,14.00,62.00,73.00,80.00,0.00,0
ConcurrencySweep,SimulationConfig[numServers=1000| numClients=2250| numRequests=50000| gcPauseMs=50| gcIntervalMs=100| baseLatencyMs=10| prequalProbeCount=3| prequalPoolSize=16| prequalQuantile=0.8| experimentName=ConcurrencySweep],RoundRobin,141825.90,12.00,14.00,58.00,69.00,74.00,0.00,0
ConcurrencySweep,SimulationConfig[numServers=1000| numClients=2250| numRequests=50000| gcPauseMs=50| gcIntervalMs=100| baseLatencyMs=10| prequalProbeCount=3| prequalPoolSize=16| prequalQuantile=0.8| experimentName=ConcurrencySweep],LeastConnections,18979.00,112.00,114.00,160.00,164.00,175.00,0.00,50000
ConcurrencySweep,SimulationConfig[numServers=1000| numClients=2250| numRequests=50000| gcPauseMs=50| gcIntervalMs=100| baseLatencyMs=10| prequalProbeCount=3| prequalPoolSize=16| prequalQuantile=0.8| experimentName=ConcurrencySweep],P2CLeastConnections,143086.49,12.00,14.00,57.00,70.00,76.00,0.00,0
ConcurrencySweep,SimulationConfig[numServers=1000| numClients=2250| numRequests=50000| gcPauseMs=50| gcIntervalMs=100| baseLatencyMs=10| prequalProbeCount=3| prequalPoolSize=16| prequalQuantile=0.8| experimentName=ConcurrencySweep],Prequal,135011.00,12.00,15.00,60.00,73.00,85.00,0.00,0
ConcurrencySweep,SimulationConfig[numServers=1000| numClients=2350| numRequests=50000| gcPauseMs=50| gcIntervalMs=100| baseLatencyMs=10| prequalProbeCount=3| prequalPoolSize=16| prequalQuantile=0.8| experimentName=ConcurrencySweep],RoundRobin,142384.36,12.00,14.00,59.00,70.00,75.00,0.00,0
ConcurrencySweep,SimulationConfig[numServers=1000| numClients=2350| numRequests=50000| gcPauseMs=50| gcIntervalMs=100| baseLatencyMs=10| prequalProbeCount=3| prequalPoolSize=16| prequalQuantile=0.8| experimentName=ConcurrencySweep],LeastConnections,19592.43,112.00,114.00,160.00,183.00,197.00,0.00,50000
ConcurrencySweep,SimulationConfig[numServers=1000| numClients=2350| numRequests=50000| gcPauseMs=50| gcIntervalMs=100| baseLatencyMs=10| prequalProbeCount=3| prequalPoolSize=16| prequalQuantile=0.8| experimentName=ConcurrencySweep],P2CLeastConnections,145596.45,12.00,14.00,58.00,70.00,76.00,0.00,0
ConcurrencySweep,SimulationConfig[numServers=1000| numClients=2350| numRequests=50000| gcPauseMs=50| gcIntervalMs=100| baseLatencyMs=10| prequalProbeCount=3| prequalPoolSize=16| prequalQuantile=0.8| experimentName=ConcurrencySweep],Prequal,145601.35,12.00,14.00,60.00,73.00,79.00,0.00,0
ConcurrencySweep,SimulationConfig[numServers=1000| numClients=2450| numRequests=50000| gcPauseMs=50| gcIntervalMs=100| baseLatencyMs=10| prequalProbeCount=3| prequalPoolSize=16| prequalQuantile=0.8| experimentName=ConcurrencySweep],RoundRobin,147936.05,12.00,14.00,58.00,70.00,73.00,0.00,0
ConcurrencySweep,SimulationConfig[numServers=1000| numClients=2450| numRequests=50000| gcPauseMs=50| gcIntervalMs=100| baseLatencyMs=10| prequalProbeCount=3| prequalPoolSize=16| prequalQuantile=0.8| experimentName=ConcurrencySweep],LeastConnections,20602.97,112.00,114.00,160.00,164.00,174.00,0.00,50000
ConcurrencySweep,SimulationConfig[numServers=1000| numClients=2450| numRequests=50000| gcPauseMs=50| gcIntervalMs=100| baseLatencyMs=10| prequalProbeCount=3| prequalPoolSize=16| prequalQuantile=0.8| experimentName=ConcurrencySweep],P2CLeastConnections,153093.05,12.00,14.00,58.00,70.00,77.00,0.00,0
ConcurrencySweep,SimulationConfig[numServers=1000| numClients=2450| numRequests=50000| gcPauseMs=50| gcIntervalMs=100| baseLatencyMs=10| prequalProbeCount=3| prequalPoolSize=16| prequalQuantile=0.8| experimentName=ConcurrencySweep],Prequal,153963.23,12.00,14.00,52.00,71.00,77.00,0.00,0
ConcurrencySweep,SimulationConfig[numServers=1000| numClients=2550| numRequests=50000| gcPauseMs=50| gcIntervalMs=100| baseLatencyMs=10| prequalProbeCount=3| prequalPoolSize=16| prequalQuantile=0.8| experimentName=ConcurrencySweep],RoundRobin,152371.43,12.00,14.00,58.00,70.00,74.00,0.00,0
ConcurrencySweep,SimulationConfig[numServers=1000| numClients=2550| numRequests=50000| gcPauseMs=50| gcIntervalMs=100| baseLatencyMs=10| prequalProbeCount=3| prequalPoolSize=16| prequalQuantile=0.8| experimentName=ConcurrencySweep],LeastConnections,21344.74,112.00,115.00,160.00,174.00,195.00,0.00,50000
ConcurrencySweep,SimulationConfig[numServers=1000| numClients=2550| numRequests=50000| gcPauseMs=50| gcIntervalMs=100| baseLatencyMs=10| prequalProbeCount=3| prequalPoolSize=16| prequalQuantile=0.8| experimentName=ConcurrencySweep],P2CLeastConnections,150259.35,12.00,14.00,59.00,71.00,80.00,0.00,0
ConcurrencySweep,SimulationConfig[numServers=1000| numClients=2550| numRequests=50000| gcPauseMs=50| gcIntervalMs=100| baseLatencyMs=10| prequalProbeCount=3| prequalPoolSize=16| prequalQuantile=0.8| experimentName=ConcurrencySweep],Prequal,155930.38,12.00,14.00,58.00,72.00,77.00,0.00,0
ProbeCountSweep,SimulationConfig[numServers=1000| numClients=2000| numRequests=50000| gcPauseMs=50| gcIntervalMs=100| baseLatencyMs=10| prequalProbeCount=2| prequalPoolSize=16| prequalQuantile=0.8| experimentName=ProbeCountSweep],Prequal,125535.00,12.00,14.00,61.00,71.00,77.00,0.00,0
ProbeCountSweep,SimulationConfig[numServers=1000| numClients=2000| numRequests=50000| gcPauseMs=50| gcIntervalMs=100| baseLatencyMs=10| prequalProbeCount=3| prequalPoolSize=16| prequalQuantile=0.8| experimentName=ProbeCountSweep],Prequal,126599.59,12.00,14.00,61.00,72.00,79.00,0.00,0
ProbeCountSweep,SimulationConfig[numServers=1000| numClients=2000| numRequests=50000| gcPauseMs=50| gcIntervalMs=100| baseLatencyMs=10| prequalProbeCount=4| prequalPoolSize=16| prequalQuantile=0.8| experimentName=ProbeCountSweep],Prequal,119898.35,12.00,17.00,62.00,75.00,88.00,0.00,0
ProbeCountSweep,SimulationConfig[numServers=1000| numClients=2000| numRequests=50000| gcPauseMs=50| gcIntervalMs=100| baseLatencyMs=10| prequalProbeCount=5| prequalPoolSize=16| prequalQuantile=0.8| experimentName=ProbeCountSweep],Prequal,122790.19,12.00,14.00,59.00,72.00,84.00,0.00,0
ProbeCountSweep,SimulationConfig[numServers=1000| numClients=2000| numRequests=50000| gcPauseMs=50| gcIntervalMs=100| baseLatencyMs=10| prequalProbeCount=6| prequalPoolSize=16| prequalQuantile=0.8| experimentName=ProbeCountSweep],Prequal,126337.12,12.00,14.00,59.00,74.00,82.00,0.00,0
ProbeCountSweep,SimulationConfig[numServers=1000| numClients=2000| numRequests=50000| gcPauseMs=50| gcIntervalMs=100| baseLatencyMs=10| prequalProbeCount=7| prequalPoolSize=16| prequalQuantile=0.8| experimentName=ProbeCountSweep],Prequal,126933.84,12.00,14.00,60.00,72.00,77.00,0.00,0
ProbeCountSweep,SimulationConfig[numServers=1000| numClients=2000| numRequests=50000| gcPauseMs=50| gcIntervalMs=100| baseLatencyMs=10| prequalProbeCount=8| prequalPoolSize=16| prequalQuantile=0.8| experimentName=ProbeCountSweep],Prequal,116166.25,12.00,15.00,64.00,82.00,105.00,0.00,3
ProbeCountSweep,SimulationConfig[numServers=1000| numClients=2000| numRequests=50000| gcPauseMs=50| gcIntervalMs=100| baseLatencyMs=10| prequalProbeCount=9| prequalPoolSize=16| prequalQuantile=0.8| experimentName=ProbeCountSweep],Prequal,53632.60,13.00,60.00,249.00,291.00,307.00,0.00,2349
ProbeCountSweep,SimulationConfig[numServers=1000| numClients=2000| numRequests=50000| gcPauseMs=50| gcIntervalMs=100| baseLatencyMs=10| prequalProbeCount=10| prequalPoolSize=16| prequalQuantile=0.8| experimentName=ProbeCountSweep],Prequal,76432.63,13.00,48.00,99.00,133.00,158.00,0.00,462
QuantileSweep,SimulationConfig[numServers=1000| numClients=2000| numRequests=50000| gcPauseMs=50| gcIntervalMs=100| baseLatencyMs=10| prequalProbeCount=3| prequalPoolSize=16| prequalQuantile=0.5| experimentName=QuantileSweep],Prequal,120277.97,12.00,14.00,63.00,73.00,82.00,0.00,0
QuantileSweep,SimulationConfig[numServers=1000| numClients=2000| numRequests=50000| gcPauseMs=50| gcIntervalMs=100| baseLatencyMs=10| prequalProbeCount=3| prequalPoolSize=16| prequalQuantile=0.55| experimentName=QuantileSweep],Prequal,125781.96,12.00,14.00,58.00,71.00,77.00,0.00,0
QuantileSweep,SimulationConfig[numServers=1000| numClients=2000| numRequests=50000| gcPauseMs=50| gcIntervalMs=100| baseLatencyMs=10| prequalProbeCount=3| prequalPoolSize=16| prequalQuantile=0.6000000000000001| experimentName=QuantileSweep],Prequal,111575.94,13.00,19.00,62.00,76.00,93.00,0.00,0
QuantileSweep,SimulationConfig[numServers=1000| numClients=2000| numRequests=50000| gcPauseMs=50| gcIntervalMs=100| baseLatencyMs=10| prequalProbeCount=3| prequalPoolSize=16| prequalQuantile=0.6500000000000001| experimentName=QuantileSweep],Prequal,123823.62,12.00,14.00,61.00,73.00,84.00,0.00,0
QuantileSweep,SimulationConfig[numServers=1000| numClients=2000| numRequests=50000| gcPauseMs=50| gcIntervalMs=100| baseLatencyMs=10| prequalProbeCount=3| prequalPoolSize=16| prequalQuantile=0.7000000000000002| experimentName=QuantileSweep],Prequal,124963.85,12.00,14.00,60.00,71.00,80.00,0.00,0
QuantileSweep,SimulationConfig[numServers=1000| numClients=2000| numRequests=50000| gcPauseMs=50| gcIntervalMs=100| baseLatencyMs=10| prequalProbeCount=3| prequalPoolSize=16| prequalQuantile=0.7500000000000002| experimentName=QuantileSweep],Prequal,128500.07,12.00,14.00,57.00,71.00,77.00,0.00,0
QuantileSweep,SimulationConfig[numServers=1000| numClients=2000| numRequests=50000| gcPauseMs=50| gcIntervalMs=100| baseLatencyMs=10| prequalProbeCount=3| prequalPoolSize=16| prequalQuantile=0.8000000000000003| experimentName=QuantileSweep],Prequal,128906.12,12.00,14.00,56.00,70.00,77.00,0.00,0
QuantileSweep,SimulationConfig[numServers=1000| numClients=2000| numRequests=50000| gcPauseMs=50| gcIntervalMs=100| baseLatencyMs=10| prequalProbeCount=3| prequalPoolSize=16| prequalQuantile=0.8500000000000003| experimentName=QuantileSweep],Prequal,119844.75,12.00,14.00,63.00,73.00,82.00,0.00,0
QuantileSweep,SimulationConfig[numServers=1000| numClients=2000| numRequests=50000| gcPauseMs=50| gcIntervalMs=100| baseLatencyMs=10| prequalProbeCount=3| prequalPoolSize=16| prequalQuantile=0.9000000000000004| experimentName=QuantileSweep],Prequal,126055.08,12.00,14.00,58.00,72.00,76.00,0.00,0
QuantileSweep,SimulationConfig[numServers=1000| numClients=2000| numRequests=50000| gcPauseMs=50| gcIntervalMs=100| baseLatencyMs=10| prequalProbeCount=3| prequalPoolSize=16| prequalQuantile=0.9500000000000004| experimentName=QuantileSweep],Prequal,123761.33,12.00,14.00,61.00,73.00,78.00,0.00,0
PoolSizeSweep,SimulationConfig[numServers=1000| numClients=2000| numRequests=50000| gcPauseMs=50| gcIntervalMs=100| baseLatencyMs=10| prequalProbeCount=3| prequalPoolSize=2| prequalQuantile=0.8| experimentName=PoolSizeSweep],Prequal,121518.41,12.00,14.00,62.00,74.00,86.00,0.00,0
PoolSizeSweep,SimulationConfig[numServers=1000| numClients=2000| numRequests=50000| gcPauseMs=50| gcIntervalMs=100| baseLatencyMs=10| prequalProbeCount=3| prequalPoolSize=4| prequalQuantile=0.8| experimentName=PoolSizeSweep],Prequal,129953.04,12.00,14.00,54.00,71.00,76.00,0.00,0
PoolSizeSweep,SimulationConfig[numServers=1000| numClients=2000| numRequests=50000| gcPauseMs=50| gcIntervalMs=100| baseLatencyMs=10| prequalProbeCount=3| prequalPoolSize=6| prequalQuantile=0.8| experimentName=PoolSizeSweep],Prequal,123233.33,12.00,14.00,61.00,76.00,88.00,0.00,0
PoolSizeSweep,SimulationConfig[numServers=1000| numClients=2000| numRequests=50000| gcPauseMs=50| gcIntervalMs=100| baseLatencyMs=10| prequalProbeCount=3| prequalPoolSize=8| prequalQuantile=0.8| experimentName=PoolSizeSweep],Prequal,127407.17,12.00,14.00,60.00,71.00,82.00,0.00,0
PoolSizeSweep,SimulationConfig[numServers=1000| numClients=2000| numRequests=50000| gcPauseMs=50| gcIntervalMs=100| baseLatencyMs=10| prequalProbeCount=3| prequalPoolSize=10| prequalQuantile=0.8| experimentName=PoolSizeSweep],Prequal,126640.44,12.00,14.00,60.00,71.00,82.00,0.00,0
PoolSizeSweep,SimulationConfig[numServers=1000| numClients=2000| numRequests=50000| gcPauseMs=50| gcIntervalMs=100| baseLatencyMs=10| prequalProbeCount=3| prequalPoolSize=12| prequalQuantile=0.8| experimentName=PoolSizeSweep],Prequal,127615.85,12.00,14.00,60.00,71.00,75.00,0.00,0
PoolSizeSweep,SimulationConfig[numServers=1000| numClients=2000| numRequests=50000| gcPauseMs=50| gcIntervalMs=100| baseLatencyMs=10| prequalProbeCount=3| prequalPoolSize=14| prequalQuantile=0.8| experimentName=PoolSizeSweep],Prequal,123892.61,12.00,14.00,60.00,72.00,78.00,0.00,0
PoolSizeSweep,SimulationConfig[numServers=1000| numClients=2000| numRequests=50000| gcPauseMs=50| gcIntervalMs=100| baseLatencyMs=10| prequalProbeCount=3| prequalPoolSize=16| prequalQuantile=0.8| experimentName=PoolSizeSweep],Prequal,124920.78,12.00,14.00,60.00,72.00,77.00,0.00,0
PoolSizeSweep,SimulationConfig[numServers=1000| numClients=2000| numRequests=50000| gcPauseMs=50| gcIntervalMs=100| baseLatencyMs=10| prequalProbeCount=3| prequalPoolSize=18| prequalQuantile=0.8| experimentName=PoolSizeSweep],Prequal,128523.28,12.00,14.00,59.00,71.00,77.00,0.00,0
PoolSizeSweep,SimulationConfig[numServers=1000| numClients=2000| numRequests=50000| gcPauseMs=50| gcIntervalMs=100| baseLatencyMs=10| prequalProbeCount=3| prequalPoolSize=20| prequalQuantile=0.8| experimentName=PoolSizeSweep],Prequal,127006.45,12.00,14.00,61.00,72.00,80.00,0.00,0
PoolSizeSweep,SimulationConfig[numServers=1000| numClients=2000| numRequests=50000| gcPauseMs=50| gcIntervalMs=100| baseLatencyMs=10| prequalProbeCount=3| prequalPoolSize=22| prequalQuantile=0.8| experimentName=PoolSizeSweep],Prequal,126004.65,12.00,14.00,61.00,72.00,81.00,0.00,0
PoolSizeSweep,SimulationConfig[numServers=1000| numClients=2000| numRequests=50000| gcPauseMs=50| gcIntervalMs=100| baseLatencyMs=10| prequalProbeCount=3| prequalPoolSize=24| prequalQuantile=0.8| experimentName=PoolSizeSweep],Prequal,122254.64,12.00,14.00,61.00,71.00,76.00,0.00,0
PoolSizeSweep,SimulationConfig[numServers=1000| numClients=2000| numRequests=50000| gcPauseMs=50| gcIntervalMs=100| baseLatencyMs=10| prequalProbeCount=3| prequalPoolSize=26| prequalQuantile=0.8| experimentName=PoolSizeSweep],Prequal,127886.03,12.00,14.00,57.00,71.00,82.00,0.00,0
PoolSizeSweep,SimulationConfig[numServers=1000| numClients=2000| numRequests=50000| gcPauseMs=50| gcIntervalMs=100| baseLatencyMs=10| prequalProbeCount=3| prequalPoolSize=28| prequalQuantile=0.8| experimentName=PoolSizeSweep],Prequal,124326.00,12.00,14.00,62.00,72.00,76.00,0.00,0
PoolSizeSweep,SimulationConfig[numServers=1000| numClients=2000| numRequests=50000| gcPauseMs=50| gcIntervalMs=100| baseLatencyMs=10| prequalProbeCount=3| prequalPoolSize=30| prequalQuantile=0.8| experimentName=PoolSizeSweep],Prequal,127803.60,12.00,14.00,57.99,71.00,81.00,0.00,0
PoolSizeSweep,SimulationConfig[numServers=1000| numClients=2000| numRequests=50000| gcPauseMs=50| gcIntervalMs=100| baseLatencyMs=10| prequalProbeCount=3| prequalPoolSize=32| prequalQuantile=0.8| experimentName=PoolSizeSweep],Prequal,122208.95,12.00,15.00,62.00,74.00,83.00,0.00,0
PoolSizeSweep,SimulationConfig[numServers=1000| numClients=2000| numRequests=50000| gcPauseMs=50| gcIntervalMs=100| baseLatencyMs=10| prequalProbeCount=3| prequalPoolSize=34| prequalQuantile=0.8| experimentName=PoolSizeSweep],Prequal,125938.41,12.00,14.00,62.00,73.00,80.00,0.00,0
PoolSizeSweep,SimulationConfig[numServers=1000| numClients=2000| numRequests=50000| gcPauseMs=50| gcIntervalMs=100| baseLatencyMs=10| prequalProbeCount=3| prequalPoolSize=36| prequalQuantile=0.8| experimentName=PoolSizeSweep],Prequal,126992.62,12.00,14.00,61.00,72.00,77.00,0.00,0
PoolSizeSweep,SimulationConfig[numServers=1000| numClients=2000| numRequests=50000| gcPauseMs=50| gcIntervalMs=100| baseLatencyMs=10| prequalProbeCount=3| prequalPoolSize=38| prequalQuantile=0.8| experimentName=PoolSizeSweep],Prequal,126389.91,12.00,14.00,61.00,72.00,78.00,0.00,0
PoolSizeSweep,SimulationConfig[numServers=1000| numClients=2000| numRequests=50000| gcPauseMs=50| gcIntervalMs=100| baseLatencyMs=10| prequalProbeCount=3| prequalPoolSize=40| prequalQuantile=0.8| experimentName=PoolSizeSweep],Prequal,121951.81,13.00,16.00,62.00,75.00,80.00,0.00,0
PoolSizeSweep,SimulationConfig[numServers=1000| numClients=2000| numRequests=50000| gcPauseMs=50| gcIntervalMs=100| baseLatencyMs=10| prequalProbeCount=3| prequalPoolSize=42| prequalQuantile=0.8| experimentName=PoolSizeSweep],Prequal,126479.00,12.00,14.00,55.00,71.00,82.00,0.00,0
PoolSizeSweep,SimulationConfig[numServers=1000| numClients=2000| numRequests=50000| gcPauseMs=50| gcIntervalMs=100| baseLatencyMs=10| prequalProbeCount=3| prequalPoolSize=44| prequalQuantile=0.8| experimentName=PoolSizeSweep],Prequal,99234.43,13.00,29.00,69.00,116.00,158.00,0.00,143
PoolSizeSweep,SimulationConfig[numServers=1000| numClients=2000| numRequests=50000| gcPauseMs=50| gcIntervalMs=100| baseLatencyMs=10| prequalProbeCount=3| prequalPoolSize=46| prequalQuantile=0.8| experimentName=PoolSizeSweep],Prequal,125123.96,12.00,14.00,63.00,74.00,82.00,0.00,0
PoolSizeSweep,SimulationConfig[numServers=1000| numClients=2000| numRequests=50000| gcPauseMs=50| gcIntervalMs=100| baseLatencyMs=10| prequalProbeCount=3| prequalPoolSize=48| prequalQuantile=0.8| experimentName=PoolSizeSweep],Prequal,123500.56,12.00,14.00,57.00,73.00,87.00,0.00,0
PoolSizeSweep,SimulationConfig[numServers=1000| numClients=2000| numRequests=50000| gcPauseMs=50| gcIntervalMs=100| baseLatencyMs=10| prequalProbeCount=3| prequalPoolSize=50| prequalQuantile=0.8| experimentName=PoolSizeSweep],Prequal,128004.48,12.00,14.00,55.99,73.00,78.00,0.00,0
PoolSizeSweep,SimulationConfig[numServers=1000| numClients=2000| numRequests=50000| gcPauseMs=50| gcIntervalMs=100| baseLatencyMs=10| prequalProbeCount=3| prequalPoolSize=52| prequalQuantile=0.8| experimentName=PoolSizeSweep],Prequal,125499.00,12.00,14.00,62.00,73.00,85.00,0.00,0
PoolSizeSweep,SimulationConfig[numServers=1000| numClients=2000| numRequests=50000| gcPauseMs=50| gcIntervalMs=100| baseLatencyMs=10| prequalProbeCount=3| prequalPoolSize=54| prequalQuantile=0.8| experimentName=PoolSizeSweep],Prequal,131228.82,12.00,14.00,61.00,74.00,84.00,0.00,0
PoolSizeSweep,SimulationConfig[numServers=1000| numClients=2000| numRequests=50000| gcPauseMs=50| gcIntervalMs=100| baseLatencyMs=10| prequalProbeCount=3| prequalPoolSize=56| prequalQuantile=0.8| experimentName=PoolSizeSweep],Prequal,125651.56,12.00,14.00,60.00,72.00,81.00,0.00,0
PoolSizeSweep,SimulationConfig[numServers=1000| numClients=2000| numRequests=50000| gcPauseMs=50| gcIntervalMs=100| baseLatencyMs=10| prequalProbeCount=3| prequalPoolSize=58| prequalQuantile=0.8| experimentName=PoolSizeSweep],Prequal,127143.92,12.00,14.00,60.00,73.00,80.00,0.00,0
PoolSizeSweep,SimulationConfig[numServers=1000| numClients=2000| numRequests=50000| gcPauseMs=50| gcIntervalMs=100| baseLatencyMs=10| prequalProbeCount=3| prequalPoolSize=60| prequalQuantile=0.8| experimentName=PoolSizeSweep],Prequal,129485.36,12.00,14.00,61.00,72.00,77.00,0.00,0
PoolSizeSweep,SimulationConfig[numServers=1000| numClients=2000| numRequests=50000| gcPauseMs=50| gcIntervalMs=100| baseLatencyMs=10| prequalProbeCount=3| prequalPoolSize=62| prequalQuantile=0.8| experimentName=PoolSizeSweep],Prequal,130050.06,12.00,14.00,59.00,71.00,79.00,0.00,0
PoolSizeSweep,SimulationConfig[numServers=1000| numClients=2000| numRequests=50000| gcPauseMs=50| gcIntervalMs=100| baseLatencyMs=10| prequalProbeCount=3| prequalPoolSize=64| prequalQuantile=0.8| experimentName=PoolSizeSweep],Prequal,124206.14,12.00,14.00,61.00,72.00,80.00,0.00,0
HeterogeneitySweep,SimulationConfig[numServers=1000| numClients=50| numRequests=50000| gcPauseMs=50| gcIntervalMs=100| baseLatencyMs=10| prequalProbeCount=3| prequalPoolSize=16| prequalQuantile=0.8| experimentName=HeterogeneitySweep],RoundRobin,844.88,86.00,104.00,140.00,151.00,172.00,0.00,20442
HeterogeneitySweep,SimulationConfig[numServers=1000| numClients=50| numRequests=50000| gcPauseMs=50| gcIntervalMs=100| baseLatencyMs=10| prequalProbeCount=3| prequalPoolSize=16| prequalQuantile=0.8| experimentName=HeterogeneitySweep],LeastConnections,832.82,112.00,114.00,160.00,163.00,169.00,0.00,26353
HeterogeneitySweep,SimulationConfig[numServers=1000| numClients=50| numRequests=50000| gcPauseMs=50| gcIntervalMs=100| baseLatencyMs=10| prequalProbeCount=3| prequalPoolSize=16| prequalQuantile=0.8| experimentName=HeterogeneitySweep],P2CLeastConnections,861.76,44.00,104.00,140.00,152.00,224.00,0.00,19905
HeterogeneitySweep,SimulationConfig[numServers=1000| numClients=50| numRequests=50000| gcPauseMs=50| gcIntervalMs=100| baseLatencyMs=10| prequalProbeCount=3| prequalPoolSize=16| prequalQuantile=0.8| experimentName=HeterogeneitySweep],Prequal,867.09,37.00,104.00,142.00,196.00,253.00,0.00,19731
HeterogeneitySweep,SimulationConfig[numServers=1000| numClients=150| numRequests=50000| gcPauseMs=50| gcIntervalMs=100| baseLatencyMs=10| prequalProbeCount=3| prequalPoolSize=16| prequalQuantile=0.8| experimentName=HeterogeneitySweep],RoundRobin,2532.97,82.00,104.00,139.00,150.00,154.00,0.00,20456
HeterogeneitySweep,SimulationConfig[numServers=1000| numClients=150| numRequests=50000| gcPauseMs=50| gcIntervalMs=100| baseLatencyMs=10| prequalProbeCount=3| prequalPoolSize=16| prequalQuantile=0.8| experimentName=HeterogeneitySweep],LeastConnections,1314.94,112.00,114.00,160.00,164.00,200.00,0.00,50000
HeterogeneitySweep,SimulationConfig[numServers=1000| numClients=150| numRequests=50000| gcPauseMs=50| gcIntervalMs=100| baseLatencyMs=10| prequalProbeCount=3| prequalPoolSize=16| prequalQuantile=0.8| experimentName=HeterogeneitySweep],P2CLeastConnections,2706.74,14.00,104.00,142.00,166.00,241.00,0.00,18586
HeterogeneitySweep,SimulationConfig[numServers=1000| numClients=150| numRequests=50000| gcPauseMs=50| gcIntervalMs=100| baseLatencyMs=10| prequalProbeCount=3| prequalPoolSize=16| prequalQuantile=0.8| experimentName=HeterogeneitySweep],Prequal,2718.06,14.00,104.00,151.00,222.00,249.00,0.00,18282
HeterogeneitySweep,SimulationConfig[numServers=1000| numClients=250| numRequests=50000| gcPauseMs=50| gcIntervalMs=100| baseLatencyMs=10| prequalProbeCount=3| prequalPoolSize=16| prequalQuantile=0.8| experimentName=HeterogeneitySweep],RoundRobin,4202.89,82.00,104.00,138.00,151.00,154.00,0.00,20371
HeterogeneitySweep,SimulationConfig[numServers=1000| numClients=250| numRequests=50000| gcPauseMs=50| gcIntervalMs=100| baseLatencyMs=10| prequalProbeCount=3| prequalPoolSize=16| prequalQuantile=0.8| experimentName=HeterogeneitySweep],LeastConnections,2195.43,112.00,114.00,160.00,164.00,182.00,0.00,50000
HeterogeneitySweep,SimulationConfig[numServers=1000| numClients=250| numRequests=50000| gcPauseMs=50| gcIntervalMs=100| baseLatencyMs=10| prequalProbeCount=3| prequalPoolSize=16| prequalQuantile=0.8| experimentName=HeterogeneitySweep],P2CLeastConnections,4758.05,14.00,104.00,145.00,194.00,243.00,0.00,17172
HeterogeneitySweep,SimulationConfig[numServers=1000| numClients=250| numRequests=50000| gcPauseMs=50| gcIntervalMs=100| baseLatencyMs=10| prequalProbeCount=3| prequalPoolSize=16| prequalQuantile=0.8| experimentName=HeterogeneitySweep],Prequal,4692.96,14.00,104.00,163.00,224.00,264.00,0.00,17030
HeterogeneitySweep,SimulationConfig[numServers=1000| numClients=350| numRequests=50000| gcPauseMs=50| gcIntervalMs=100| baseLatencyMs=10| prequalProbeCount=3| prequalPoolSize=16| prequalQuantile=0.8| experimentName=HeterogeneitySweep],RoundRobin,5877.55,83.00,104.00,138.00,150.00,158.00,0.00,20439
HeterogeneitySweep,SimulationConfig[numServers=1000| numClients=350| numRequests=50000| gcPauseMs=50| gcIntervalMs=100| baseLatencyMs=10| prequalProbeCount=3| prequalPoolSize=16| prequalQuantile=0.8| experimentName=HeterogeneitySweep],LeastConnections,3062.82,112.00,114.00,161.00,164.00,179.00,0.00,50000
HeterogeneitySweep,SimulationConfig[numServers=1000| numClients=350| numRequests=50000| gcPauseMs=50| gcIntervalMs=100| baseLatencyMs=10| prequalProbeCount=3| prequalPoolSize=16| prequalQuantile=0.8| experimentName=HeterogeneitySweep],P2CLeastConnections,6762.23,14.00,104.00,148.00,213.00,244.00,0.00,16505
HeterogeneitySweep,SimulationConfig[numServers=1000| numClients=350| numRequests=50000| gcPauseMs=50| gcIntervalMs=100| baseLatencyMs=10| prequalProbeCount=3| prequalPoolSize=16| prequalQuantile=0.8| experimentName=HeterogeneitySweep],Prequal,6793.92,14.00,104.00,175.00,232.00,253.00,0.00,16055
HeterogeneitySweep,SimulationConfig[numServers=1000| numClients=450| numRequests=50000| gcPauseMs=50| gcIntervalMs=100| baseLatencyMs=10| prequalProbeCount=3| prequalPoolSize=16| prequalQuantile=0.8| experimentName=HeterogeneitySweep],RoundRobin,7353.49,84.50,104.00,139.00,151.00,155.00,0.00,21076
HeterogeneitySweep,SimulationConfig[numServers=1000| numClients=450| numRequests=50000| gcPauseMs=50| gcIntervalMs=100| baseLatencyMs=10| prequalProbeCount=3| prequalPoolSize=16| prequalQuantile=0.8| experimentName=HeterogeneitySweep],LeastConnections,3935.39,112.00,114.00,160.00,164.00,175.00,0.00,50000
HeterogeneitySweep,SimulationConfig[numServers=1000| numClients=450| numRequests=50000| gcPauseMs=50| gcIntervalMs=100| baseLatencyMs=10| prequalProbeCount=3| prequalPoolSize=16| prequalQuantile=0.8| experimentName=HeterogeneitySweep],P2CLeastConnections,8936.60,14.00,104.00,150.00,222.00,250.00,0.00,15660
HeterogeneitySweep,SimulationConfig[numServers=1000| numClients=450| numRequests=50000| gcPauseMs=50| gcIntervalMs=100| baseLatencyMs=10| prequalProbeCount=3| prequalPoolSize=16| prequalQuantile=0.8| experimentName=HeterogeneitySweep],Prequal,9049.06,14.00,104.00,178.00,232.00,253.00,0.00,15027
HeterogeneitySweep,SimulationConfig[numServers=1000| numClients=550| numRequests=50000| gcPauseMs=50| gcIntervalMs=100| baseLatencyMs=10| prequalProbeCount=3| prequalPoolSize=16| prequalQuantile=0.8| experimentName=HeterogeneitySweep],RoundRobin,8864.00,84.00,104.00,147.00,153.00,158.00,0.00,20866
HeterogeneitySweep,SimulationConfig[numServers=1000| numClients=550| numRequests=50000| gcPauseMs=50| gcIntervalMs=100| baseLatencyMs=10| prequalProbeCount=3| prequalPoolSize=16| prequalQuantile=0.8| experimentName=HeterogeneitySweep],LeastConnections,4797.97,112.00,114.00,160.00,164.00,180.00,0.00,50000
HeterogeneitySweep,SimulationConfig[numServers=1000| numClients=550| numRequests=50000| gcPauseMs=50| gcIntervalMs=100| baseLatencyMs=10| prequalProbeCount=3| prequalPoolSize=16| prequalQuantile=0.8| experimentName=HeterogeneitySweep],P2CLeastConnections,10941.78,14.00,104.00,161.00,224.00,250.00,0.00,15287
HeterogeneitySweep,SimulationConfig[numServers=1000| numClients=550| numRequests=50000| gcPauseMs=50| gcIntervalMs=100| baseLatencyMs=10| prequalProbeCount=3| prequalPoolSize=16| prequalQuantile=0.8| experimentName=HeterogeneitySweep],Prequal,11223.79,14.00,104.00,183.00,237.00,251.00,0.00,14462
HeterogeneitySweep,SimulationConfig[numServers=1000| numClients=650| numRequests=50000| gcPauseMs=50| gcIntervalMs=100| baseLatencyMs=10| prequalProbeCount=3| prequalPoolSize=16| prequalQuantile=0.8| experimentName=HeterogeneitySweep],RoundRobin,10330.35,82.50,104.00,162.00,173.00,196.00,0.00,20715
HeterogeneitySweep,SimulationConfig[numServers=1000| numClients=650| numRequests=50000| gcPauseMs=50| gcIntervalMs=100| baseLatencyMs=10| prequalProbeCount=3| prequalPoolSize=16| prequalQuantile=0.8| experimentName=HeterogeneitySweep],LeastConnections,5654.22,112.00,114.00,160.00,164.00,181.00,0.00,50000
HeterogeneitySweep,SimulationConfig[numServers=1000| numClients=650| numRequests=50000| gcPauseMs=50| gcIntervalMs=100| baseLatencyMs=10| prequalProbeCount=3| prequalPoolSize=16| prequalQuantile=0.8| experimentName=HeterogeneitySweep],P2CLeastConnections,13149.49,14.00,104.00,163.00,227.00,251.00,0.00,14777
HeterogeneitySweep,SimulationConfig[numServers=1000| numClients=650| numRequests=50000| gcPauseMs=50| gcIntervalMs=100| baseLatencyMs=10| prequalProbeCount=3| prequalPoolSize=16| prequalQuantile=0.8| experimentName=HeterogeneitySweep],Prequal,13379.08,14.00,104.00,190.00,237.00,251.00,0.00,13933
HeterogeneitySweep,SimulationConfig[numServers=1000| numClients=750| numRequests=50000| gcPauseMs=50| gcIntervalMs=100| baseLatencyMs=10| prequalProbeCount=3| prequalPoolSize=16| prequalQuantile=0.8| experimentName=HeterogeneitySweep],RoundRobin,11777.47,87.00,104.00,175.00,188.00,217.00,0.00,20588
HeterogeneitySweep,SimulationConfig[numServers=1000| numClients=750| numRequests=50000| gcPauseMs=50| gcIntervalMs=100| baseLatencyMs=10| prequalProbeCount=3| prequalPoolSize=16| prequalQuantile=0.8| experimentName=HeterogeneitySweep],LeastConnections,6474.11,112.00,114.00,161.00,176.00,223.00,0.00,50000
HeterogeneitySweep,SimulationConfig[numServers=1000| numClients=750| numRequests=50000| gcPauseMs=50| gcIntervalMs=100| baseLatencyMs=10| prequalProbeCount=3| prequalPoolSize=16| prequalQuantile=0.8| experimentName=HeterogeneitySweep],P2CLeastConnections,15166.24,14.00,104.00,173.00,230.00,252.00,0.00,14487
HeterogeneitySweep,SimulationConfig[numServers=1000| numClients=750| numRequests=50000| gcPauseMs=50| gcIntervalMs=100| baseLatencyMs=10| prequalProbeCount=3| prequalPoolSize=16| prequalQuantile=0.8| experimentName=HeterogeneitySweep],Prequal,15793.40,14.00,104.00,190.00,238.00,259.00,0.00,13325
HeterogeneitySweep,SimulationConfig[numServers=1000| numClients=850| numRequests=50000| gcPauseMs=50| gcIntervalMs=100| baseLatencyMs=10| prequalProbeCount=3| prequalPoolSize=16| prequalQuantile=0.8| experimentName=HeterogeneitySweep],RoundRobin,13194.35,83.00,104.00,183.00,193.00,231.00,0.00,20895
HeterogeneitySweep,SimulationConfig[numServers=1000| numClients=850| numRequests=50000| gcPauseMs=50| gcIntervalMs=100| baseLatencyMs=10| prequalProbeCount=3| prequalPoolSize=16| prequalQuantile=0.8| experimentName=HeterogeneitySweep],LeastConnections,7370.14,112.00,114.00,160.00,164.00,183.00,0.00,50000
HeterogeneitySweep,SimulationConfig[numServers=1000| numClients=850| numRequests=50000| gcPauseMs=50| gcIntervalMs=100| baseLatencyMs=10| prequalProbeCount=3| prequalPoolSize=16| prequalQuantile=0.8| experimentName=HeterogeneitySweep],P2CLeastConnections,17224.29,14.00,104.00,177.99,231.00,252.00,0.00,14138
HeterogeneitySweep,SimulationConfig[numServers=1000| numClients=850| numRequests=50000| gcPauseMs=50| gcIntervalMs=100| baseLatencyMs=10| prequalProbeCount=3| prequalPoolSize=16| prequalQuantile=0.8| experimentName=HeterogeneitySweep],Prequal,18166.38,13.00,103.00,192.00,240.00,256.00,0.00,12735
HeterogeneitySweep,SimulationConfig[numServers=1000| numClients=950| numRequests=50000| gcPauseMs=50| gcIntervalMs=100| baseLatencyMs=10| prequalProbeCount=3| prequalPoolSize=16| prequalQuantile=0.8| experimentName=HeterogeneitySweep],RoundRobin,14536.62,84.50,104.00,190.00,205.00,233.00,0.00,20998
HeterogeneitySweep,SimulationConfig[numServers=1000| numClients=950| numRequests=50000| gcPauseMs=50| gcIntervalMs=100| baseLatencyMs=10| prequalProbeCount=3| prequalPoolSize=16| prequalQuantile=0.8| experimentName=HeterogeneitySweep],LeastConnections,8239.71,112.00,114.00,160.00,164.00,204.00,0.00,50000
HeterogeneitySweep,SimulationConfig[numServers=1000| numClients=950| numRequests=50000| gcPauseMs=50| gcIntervalMs=100| baseLatencyMs=10| prequalProbeCount=3| prequalPoolSize=16| prequalQuantile=0.8| experimentName=HeterogeneitySweep],P2CLeastConnections,19387.86,14.00,104.00,185.00,234.00,254.00,0.00,13933
HeterogeneitySweep,SimulationConfig[numServers=1000| numClients=950| numRequests=50000| gcPauseMs=50| gcIntervalMs=100| baseLatencyMs=10| prequalProbeCount=3| prequalPoolSize=16| prequalQuantile=0.8| experimentName=HeterogeneitySweep],Prequal,20551.26,13.00,103.00,193.00,236.00,251.00,0.00,12370
HeterogeneitySweep,SimulationConfig[numServers=1000| numClients=1050| numRequests=50000| gcPauseMs=50| gcIntervalMs=100| baseLatencyMs=10| prequalProbeCount=3| prequalPoolSize=16| prequalQuantile=0.8| experimentName=HeterogeneitySweep],RoundRobin,15898.50,82.50,104.00,197.00,218.00,233.00,0.00,20808
HeterogeneitySweep,SimulationConfig[numServers=1000| numClients=1050| numRequests=50000| gcPauseMs=50| gcIntervalMs=100| baseLatencyMs=10| prequalProbeCount=3| prequalPoolSize=16| prequalQuantile=0.8| experimentName=HeterogeneitySweep],LeastConnections,9048.88,112.00,114.00,161.00,164.00,183.00,0.00,50000
HeterogeneitySweep,SimulationConfig[numServers=1000| numClients=1050| numRequests=50000| gcPauseMs=50| gcIntervalMs=100| baseLatencyMs=10| prequalProbeCount=3| prequalPoolSize=16| prequalQuantile=0.8| experimentName=HeterogeneitySweep],P2CLeastConnections,21718.30,14.00,104.00,183.00,234.00,254.00,0.00,13672
HeterogeneitySweep,SimulationConfig[numServers=1000| numClients=1050| numRequests=50000| gcPauseMs=50| gcIntervalMs=100| baseLatencyMs=10| prequalProbeCount=3| prequalPoolSize=16| prequalQuantile=0.8| experimentName=HeterogeneitySweep],Prequal,23037.31,13.00,103.00,194.00,237.00,259.00,0.00,11943
HeterogeneitySweep,SimulationConfig[numServers=1000| numClients=1150| numRequests=50000| gcPauseMs=50| gcIntervalMs=100| baseLatencyMs=10| prequalProbeCount=3| prequalPoolSize=16| prequalQuantile=0.8| experimentName=HeterogeneitySweep],RoundRobin,17229.11,93.50,104.00,201.00,222.00,251.00,0.00,21128
HeterogeneitySweep,SimulationConfig[numServers=1000| numClients=1150| numRequests=50000| gcPauseMs=50| gcIntervalMs=100| baseLatencyMs=10| prequalProbeCount=3| prequalPoolSize=16| prequalQuantile=0.8| experimentName=HeterogeneitySweep],LeastConnections,9884.61,112.00,114.00,162.00,204.00,246.00,0.00,50000
HeterogeneitySweep,SimulationConfig[numServers=1000| numClients=1150| numRequests=50000| gcPauseMs=50| gcIntervalMs=100| baseLatencyMs=10| prequalProbeCount=3| prequalPoolSize=16| prequalQuantile=0.8| experimentName=HeterogeneitySweep],P2CLeastConnections,23355.61,13.00,104.00,188.00,238.00,252.00,0.00,13466
HeterogeneitySweep,SimulationConfig[numServers=1000| numClients=1150| numRequests=50000| gcPauseMs=50| gcIntervalMs=100| baseLatencyMs=10| prequalProbeCount=3| prequalPoolSize=16| prequalQuantile=0.8| experimentName=HeterogeneitySweep],Prequal,25202.00,13.00,103.00,189.00,236.00,255.00,0.00,11788
HeterogeneitySweep,SimulationConfig[numServers=1000| numClients=1250| numRequests=50000| gcPauseMs=50| gcIntervalMs=100| baseLatencyMs=10| prequalProbeCount=3| prequalPoolSize=16| prequalQuantile=0.8| experimentName=HeterogeneitySweep],RoundRobin,17572.47,100.00,115.00,250.00,358.00,382.00,0.00,21617
HeterogeneitySweep,SimulationConfig[numServers=1000| numClients=1250| numRequests=50000| gcPauseMs=50| gcIntervalMs=100| baseLatencyMs=10| prequalProbeCount=3| prequalPoolSize=16| prequalQuantile=0.8| experimentName=HeterogeneitySweep],LeastConnections,10693.40,112.00,114.00,163.00,217.00,250.00,0.00,50000
HeterogeneitySweep,SimulationConfig[numServers=1000| numClients=1250| numRequests=50000| gcPauseMs=50| gcIntervalMs=100| baseLatencyMs=10| prequalProbeCount=3| prequalPoolSize=16| prequalQuantile=0.8| experimentName=HeterogeneitySweep],P2CLeastConnections,25402.09,13.00,104.00,188.99,237.00,255.00,0.00,13376
HeterogeneitySweep,SimulationConfig[numServers=1000| numClients=1250| numRequests=50000| gcPauseMs=50| gcIntervalMs=100| baseLatencyMs=10| prequalProbeCount=3| prequalPoolSize=16| prequalQuantile=0.8| experimentName=HeterogeneitySweep],Prequal,27918.24,13.00,103.00,190.00,238.00,255.00,0.00,11406
HeterogeneitySweep,SimulationConfig[numServers=1000| numClients=1350| numRequests=50000| gcPauseMs=50| gcIntervalMs=100| baseLatencyMs=10| prequalProbeCount=3| prequalPoolSize=16| prequalQuantile=0.8| experimentName=HeterogeneitySweep],RoundRobin,19947.00,92.00,104.00,208.00,222.00,243.00,0.00,21010
HeterogeneitySweep,SimulationConfig[numServers=1000| numClients=1350| numRequests=50000| gcPauseMs=50| gcIntervalMs=100| baseLatencyMs=10| prequalProbeCount=3| prequalPoolSize=16| prequalQuantile=0.8| experimentName=HeterogeneitySweep],LeastConnections,11495.83,112.00,114.00,162.00,203.00,247.00,0.00,50000
HeterogeneitySweep,SimulationConfig[numServers=1000| numClients=1350| numRequests=50000| gcPauseMs=50| gcIntervalMs=100| baseLatencyMs=10| prequalProbeCount=3| prequalPoolSize=16| prequalQuantile=0.8| experimentName=HeterogeneitySweep],P2CLeastConnections,27083.77,13.00,104.00,192.00,236.00,253.00,0.00,13241
HeterogeneitySweep,SimulationConfig[numServers=1000| numClients=1350| numRequests=50000| gcPauseMs=50| gcIntervalMs=100| baseLatencyMs=10| prequalProbeCount=3| prequalPoolSize=16| prequalQuantile=0.8| experimentName=HeterogeneitySweep],Prequal,29660.51,13.00,103.00,191.00,239.00,254.00,0.00,11647
HeterogeneitySweep,SimulationConfig[numServers=1000| numClients=1450| numRequests=50000| gcPauseMs=50| gcIntervalMs=100| baseLatencyMs=10| prequalProbeCount=3| prequalPoolSize=16| prequalQuantile=0.8| experimentName=HeterogeneitySweep],RoundRobin,21220.60,87.50,104.00,212.00,226.00,247.00,0.00,20991
HeterogeneitySweep,SimulationConfig[numServers=1000| numClients=1450| numRequests=50000| gcPauseMs=50| gcIntervalMs=100| baseLatencyMs=10| prequalProbeCount=3| prequalPoolSize=16| prequalQuantile=0.8| experimentName=HeterogeneitySweep],LeastConnections,12380.85,112.00,114.00,163.00,204.00,249.00,0.00,50000
HeterogeneitySweep,SimulationConfig[numServers=1000| numClients=1450| numRequests=50000| gcPauseMs=50| gcIntervalMs=100| baseLatencyMs=10| prequalProbeCount=3| prequalPoolSize=16| prequalQuantile=0.8| experimentName=HeterogeneitySweep],P2CLeastConnections,28770.88,14.00,104.00,192.00,237.00,254.00,0.00,13322
HeterogeneitySweep,SimulationConfig[numServers=1000| numClients=1450| numRequests=50000| gcPauseMs=50| gcIntervalMs=100| baseLatencyMs=10| prequalProbeCount=3| prequalPoolSize=16| prequalQuantile=0.8| experimentName=HeterogeneitySweep],Prequal,31911.61,13.00,103.00,191.00,239.00,255.00,0.00,11047
HeterogeneitySweep,SimulationConfig[numServers=1000| numClients=1550| numRequests=50000| gcPauseMs=50| gcIntervalMs=100| baseLatencyMs=10| prequalProbeCount=3| prequalPoolSize=16| prequalQuantile=0.8| experimentName=HeterogeneitySweep],RoundRobin,22559.59,87.00,104.00,215.00,233.00,251.00,0.00,21007
HeterogeneitySweep,SimulationConfig[numServers=1000| numClients=1550| numRequests=50000| gcPauseMs=50| gcIntervalMs=100| baseLatencyMs=10| prequalProbeCount=3| prequalPoolSize=16| prequalQuantile=0.8| experimentName=HeterogeneitySweep],LeastConnections,13010.01,112.00,114.00,201.00,208.00,251.00,0.00,50000
HeterogeneitySweep,SimulationConfig[numServers=1000| numClients=1550| numRequests=50000| gcPauseMs=50| gcIntervalMs=100| baseLatencyMs=10| prequalProbeCount=3| prequalPoolSize=16| prequalQuantile=0.8| experimentName=HeterogeneitySweep],P2CLeastConnections,30923.19,14.00,104.00,197.00,241.00,278.00,0.00,13094
HeterogeneitySweep,SimulationConfig[numServers=1000| numClients=1550| numRequests=50000| gcPauseMs=50| gcIntervalMs=100| baseLatencyMs=10| prequalProbeCount=3| prequalPoolSize=16| prequalQuantile=0.8| experimentName=HeterogeneitySweep],Prequal,33540.20,13.00,103.00,191.00,241.00,254.00,0.00,11145
HeterogeneitySweep,SimulationConfig[numServers=1000| numClients=1650| numRequests=50000| gcPauseMs=50| gcIntervalMs=100| baseLatencyMs=10| prequalProbeCount=3| prequalPoolSize=16| prequalQuantile=0.8| experimentName=HeterogeneitySweep],RoundRobin,23678.42,91.50,104.00,216.00,233.00,253.00,0.00,20940
HeterogeneitySweep,SimulationConfig[numServers=1000| numClients=1650| numRequests=50000| gcPauseMs=50| gcIntervalMs=100| baseLatencyMs=10| prequalProbeCount=3| prequalPoolSize=16| prequalQuantile=0.8| experimentName=HeterogeneitySweep],LeastConnections,14052.84,112.00,114.00,161.00,203.00,242.00,0.00,50000
HeterogeneitySweep,SimulationConfig[numServers=1000| numClients=1650| numRequests=50000| gcPauseMs=50| gcIntervalMs=100| baseLatencyMs=10| prequalProbeCount=3| prequalPoolSize=16| prequalQuantile=0.8| experimentName=HeterogeneitySweep],P2CLeastConnections,32739.96,13.00,104.00,196.00,238.00,260.00,0.00,13058
HeterogeneitySweep,SimulationConfig[numServers=1000| numClients=1650| numRequests=50000| gcPauseMs=50| gcIntervalMs=100| baseLatencyMs=10| prequalProbeCount=3| prequalPoolSize=16| prequalQuantile=0.8| experimentName=HeterogeneitySweep],Prequal,35662.12,13.00,103.00,187.00,236.00,253.00,0.00,11121
HeterogeneitySweep,SimulationConfig[numServers=1000| numClients=1750| numRequests=50000| gcPauseMs=50| gcIntervalMs=100| baseLatencyMs=10| prequalProbeCount=3| prequalPoolSize=16| prequalQuantile=0.8| experimentName=HeterogeneitySweep],RoundRobin,25063.47,86.00,104.00,218.00,231.00,251.00,0.00,20941
HeterogeneitySweep,SimulationConfig[numServers=1000| numClients=1750| numRequests=50000| gcPauseMs=50| gcIntervalMs=100| baseLatencyMs=10| prequalProbeCount=3| prequalPoolSize=16| prequalQuantile=0.8| experimentName=HeterogeneitySweep],LeastConnections,14715.32,112.00,114.00,202.00,234.00,253.00,0.00,50000
HeterogeneitySweep,SimulationConfig[numServers=1000| numClients=1750| numRequests=50000| gcPauseMs=50| gcIntervalMs=100| baseLatencyMs=10| prequalProbeCount=3| prequalPoolSize=16| prequalQuantile=0.8| experimentName=HeterogeneitySweep],P2CLeastConnections,34329.02,13.00,104.00,199.00,240.00,254.00,0.00,12949
HeterogeneitySweep,SimulationConfig[numServers=1000| numClients=1750| numRequests=50000| gcPauseMs=50| gcIntervalMs=100| baseLatencyMs=10| prequalProbeCount=3| prequalPoolSize=16| prequalQuantile=0.8| experimentName=HeterogeneitySweep],Prequal,35883.86,13.00,103.00,192.00,242.00,264.00,0.00,11600
HeterogeneitySweep,SimulationConfig[numServers=1000| numClients=1850| numRequests=50000| gcPauseMs=50| gcIntervalMs=100| baseLatencyMs=10| prequalProbeCount=3| prequalPoolSize=16| prequalQuantile=0.8| experimentName=HeterogeneitySweep],RoundRobin,26310.80,83.50,104.00,219.00,228.00,248.00,0.00,21007
HeterogeneitySweep,SimulationConfig[numServers=1000| numClients=1850| numRequests=50000| gcPauseMs=50| gcIntervalMs=100| baseLatencyMs=10| prequalProbeCount=3| prequalPoolSize=16| prequalQuantile=0.8| experimentName=HeterogeneitySweep],LeastConnections,15577.85,112.00,114.00,201.00,234.00,249.00,0.00,50000
HeterogeneitySweep,SimulationConfig[numServers=1000| numClients=1850| numRequests=50000| gcPauseMs=50| gcIntervalMs=100| baseLatencyMs=10| prequalProbeCount=3| prequalPoolSize=16| prequalQuantile=0.8| experimentName=HeterogeneitySweep],P2CLeastConnections,36305.93,13.00,104.00,197.00,240.00,262.00,0.00,13011
HeterogeneitySweep,SimulationConfig[numServers=1000| numClients=1850| numRequests=50000| gcPauseMs=50| gcIntervalMs=100| baseLatencyMs=10| prequalProbeCount=3| prequalPoolSize=16| prequalQuantile=0.8| experimentName=HeterogeneitySweep],Prequal,39733.09,13.00,103.00,184.00,239.00,252.00,0.00,10854
HeterogeneitySweep,SimulationConfig[numServers=1000| numClients=1950| numRequests=50000| gcPauseMs=50| gcIntervalMs=100| baseLatencyMs=10| prequalProbeCount=3| prequalPoolSize=16| prequalQuantile=0.8| experimentName=HeterogeneitySweep],RoundRobin,27758.07,86.00,104.00,221.00,234.00,248.00,0.00,21016
HeterogeneitySweep,SimulationConfig[numServers=1000| numClients=1950| numRequests=50000| gcPauseMs=50| gcIntervalMs=100| baseLatencyMs=10| prequalProbeCount=3| prequalPoolSize=16| prequalQuantile=0.8| experimentName=HeterogeneitySweep],LeastConnections,16144.25,112.00,114.00,203.00,254.00,366.00,0.00,50000
HeterogeneitySweep,SimulationConfig[numServers=1000| numClients=1950| numRequests=50000| gcPauseMs=50| gcIntervalMs=100| baseLatencyMs=10| prequalProbeCount=3| prequalPoolSize=16| prequalQuantile=0.8| experimentName=HeterogeneitySweep],P2CLeastConnections,37910.31,13.00,104.00,201.00,243.00,254.00,0.00,12609
HeterogeneitySweep,SimulationConfig[numServers=1000| numClients=1950| numRequests=50000| gcPauseMs=50| gcIntervalMs=100| baseLatencyMs=10| prequalProbeCount=3| prequalPoolSize=16| prequalQuantile=0.8| experimentName=HeterogeneitySweep],Prequal,41544.12,13.00,103.00,194.99,243.00,253.00,0.00,10633
HeterogeneitySweep,SimulationConfig[numServers=1000| numClients=2050| numRequests=50000| gcPauseMs=50| gcIntervalMs=100| baseLatencyMs=10| prequalProbeCount=3| prequalPoolSize=16| prequalQuantile=0.8| experimentName=HeterogeneitySweep],RoundRobin,28756.26,86.00,104.00,222.00,235.00,248.00,0.00,20960
HeterogeneitySweep,SimulationConfig[numServers=1000| numClients=2050| numRequests=50000| gcPauseMs=50| gcIntervalMs=100| baseLatencyMs=10| prequalProbeCount=3| prequalPoolSize=16| prequalQuantile=0.8| experimentName=HeterogeneitySweep],LeastConnections,16954.13,112.00,114.00,203.00,242.00,253.00,0.00,50000
HeterogeneitySweep,SimulationConfig[numServers=1000| numClients=2050| numRequests=50000| gcPauseMs=50| gcIntervalMs=100| baseLatencyMs=10| prequalProbeCount=3| prequalPoolSize=16| prequalQuantile=0.8| experimentName=HeterogeneitySweep],P2CLeastConnections,39311.03,13.00,104.00,203.00,242.00,263.00,0.00,12840
HeterogeneitySweep,SimulationConfig[numServers=1000| numClients=2050| numRequests=50000| gcPauseMs=50| gcIntervalMs=100| baseLatencyMs=10| prequalProbeCount=3| prequalPoolSize=16| prequalQuantile=0.8| experimentName=HeterogeneitySweep],Prequal,42383.88,13.00,103.00,194.99,241.00,257.00,0.00,10919
HeterogeneitySweep,SimulationConfig[numServers=1000| numClients=2150| numRequests=50000| gcPauseMs=50| gcIntervalMs=100| baseLatencyMs=10| prequalProbeCount=3| prequalPoolSize=16| prequalQuantile=0.8| experimentName=HeterogeneitySweep],RoundRobin,30200.34,86.50,104.00,224.00,235.00,251.00,0.00,20927
HeterogeneitySweep,SimulationConfig[numServers=1000| numClients=2150| numRequests=50000| gcPauseMs=50| gcIntervalMs=100| baseLatencyMs=10| prequalProbeCount=3| prequalPoolSize=16| prequalQuantile=0.8| experimentName=HeterogeneitySweep],LeastConnections,17733.84,112.00,114.00,203.00,242.00,249.00,0.00,50000
HeterogeneitySweep,SimulationConfig[numServers=1000| numClients=2150| numRequests=50000| gcPauseMs=50| gcIntervalMs=100| baseLatencyMs=10| prequalProbeCount=3| prequalPoolSize=16| prequalQuantile=0.8| experimentName=HeterogeneitySweep],P2CLeastConnections,41509.99,14.00,104.00,203.00,240.00,255.00,0.00,12672
HeterogeneitySweep,SimulationConfig[numServers=1000| numClients=2150| numRequests=50000| gcPauseMs=50| gcIntervalMs=100| baseLatencyMs=10| prequalProbeCount=3| prequalPoolSize=16| prequalQuantile=0.8| experimentName=HeterogeneitySweep],Prequal,47035.48,13.00,103.00,187.00,242.00,255.00,0.00,9584
HeterogeneitySweep,SimulationConfig[numServers=1000| numClients=2250| numRequests=50000| gcPauseMs=50| gcIntervalMs=100| baseLatencyMs=10| prequalProbeCount=3| prequalPoolSize=16| prequalQuantile=0.8| experimentName=HeterogeneitySweep],RoundRobin,31136.00,85.50,104.00,225.00,235.00,248.00,0.00,20880
HeterogeneitySweep,SimulationConfig[numServers=1000| numClients=2250| numRequests=50000| gcPauseMs=50| gcIntervalMs=100| baseLatencyMs=10| prequalProbeCount=3| prequalPoolSize=16| prequalQuantile=0.8| experimentName=HeterogeneitySweep],LeastConnections,16866.95,113.00,195.00,270.00,304.00,409.00,0.00,50000
HeterogeneitySweep,SimulationConfig[numServers=1000| numClients=2250| numRequests=50000| gcPauseMs=50| gcIntervalMs=100| baseLatencyMs=10| prequalProbeCount=3| prequalPoolSize=16| prequalQuantile=0.8| experimentName=HeterogeneitySweep],P2CLeastConnections,42721.56,13.00,103.00,202.99,243.00,256.00,0.00,12534
HeterogeneitySweep,SimulationConfig[numServers=1000| numClients=2250| numRequests=50000| gcPauseMs=50| gcIntervalMs=100| baseLatencyMs=10| prequalProbeCount=3| prequalPoolSize=16| prequalQuantile=0.8| experimentName=HeterogeneitySweep],Prequal,50306.83,13.00,103.00,187.00,241.00,253.00,0.00,9029
HeterogeneitySweep,SimulationConfig[numServers=1000| numClients=2350| numRequests=50000| gcPauseMs=50| gcIntervalMs=100| baseLatencyMs=10| prequalProbeCount=3| prequalPoolSize=16| prequalQuantile=0.8| experimentName=HeterogeneitySweep],RoundRobin,32580.79,86.50,104.00,226.00,235.00,248.00,0.00,20965
HeterogeneitySweep,SimulationConfig[numServers=1000| numClients=2350| numRequests=50000| gcPauseMs=50| gcIntervalMs=100| baseLatencyMs=10| prequalProbeCount=3| prequalPoolSize=16| prequalQuantile=0.8| experimentName=HeterogeneitySweep],LeastConnections,19207.99,112.00,114.00,204.00,243.00,253.00,0.00,50000
HeterogeneitySweep,SimulationConfig[numServers=1000| numClients=2350| numRequests=50000| gcPauseMs=50| gcIntervalMs=100| baseLatencyMs=10| prequalProbeCount=3| prequalPoolSize=16| prequalQuantile=0.8| experimentName=HeterogeneitySweep],P2CLeastConnections,43942.88,13.00,104.00,204.00,243.00,266.00,0.00,12665
HeterogeneitySweep,SimulationConfig[numServers=1000| numClients=2350| numRequests=50000| gcPauseMs=50| gcIntervalMs=100| baseLatencyMs=10| prequalProbeCount=3| prequalPoolSize=16| prequalQuantile=0.8| experimentName=HeterogeneitySweep],Prequal,53623.93,13.00,103.00,176.00,241.00,255.00,0.00,8999
HeterogeneitySweep,SimulationConfig[numServers=1000| numClients=2450| numRequests=50000| gcPauseMs=50| gcIntervalMs=100| baseLatencyMs=10| prequalProbeCount=3| prequalPoolSize=16| prequalQuantile=0.8| experimentName=HeterogeneitySweep],RoundRobin,33750.25,86.00,104.00,226.00,236.00,255.00,0.00,20802
HeterogeneitySweep,SimulationConfig[numServers=1000| numClients=2450| numRequests=50000| gcPauseMs=50| gcIntervalMs=100| baseLatencyMs=10| prequalProbeCount=3| prequalPoolSize=16| prequalQuantile=0.8| experimentName=HeterogeneitySweep],LeastConnections,19877.01,112.00,122.00,204.00,244.00,252.00,0.00,50000
HeterogeneitySweep,SimulationConfig[numServers=1000| numClients=2450| numRequests=50000| gcPauseMs=50| gcIntervalMs=100| baseLatencyMs=10| prequalProbeCount=3| prequalPoolSize=16| prequalQuantile=0.8| experimentName=HeterogeneitySweep],P2CLeastConnections,46119.83,13.00,103.00,204.00,242.00,253.00,0.00,12608
HeterogeneitySweep,SimulationConfig[numServers=1000| numClients=2450| numRequests=50000| gcPauseMs=50| gcIntervalMs=100| baseLatencyMs=10| prequalProbeCount=3| prequalPoolSize=16| prequalQuantile=0.8| experimentName=HeterogeneitySweep],Prequal,56180.86,13.00,103.00,159.00,234.00,255.00,0.00,8602
HeterogeneitySweep,SimulationConfig[numServers=1000| numClients=2550| numRequests=50000| gcPauseMs=50| gcIntervalMs=100| baseLatencyMs=10| prequalProbeCount=3| prequalPoolSize=16| prequalQuantile=0.8| experimentName=HeterogeneitySweep],RoundRobin,34893.44,92.50,104.00,227.00,237.00,266.00,0.00,20956
HeterogeneitySweep,SimulationConfig[numServers=1000| numClients=2550| numRequests=50000| gcPauseMs=50| gcIntervalMs=100| baseLatencyMs=10| prequalProbeCount=3| prequalPoolSize=16| prequalQuantile=0.8| experimentName=HeterogeneitySweep],LeastConnections,20588.90,112.00,124.00,204.00,244.00,253.00,0.00,50000
HeterogeneitySweep,SimulationConfig[numServers=1000| numClients=2550| numRequests=50000| gcPauseMs=50| gcIntervalMs=100| baseLatencyMs=10| prequalProbeCount=3| prequalPoolSize=16| prequalQuantile=0.8| experimentName=HeterogeneitySweep],P2CLeastConnections,47340.43,13.00,104.00,204.00,242.00,253.00,0.00,12733
HeterogeneitySweep,SimulationConfig[numServers=1000| numClients=2550| numRequests=50000| gcPauseMs=50| gcIntervalMs=100| baseLatencyMs=10| prequalProbeCount=3| prequalPoolSize=16| prequalQuantile=0.8| experimentName=HeterogeneitySweep],Prequal,59189.18,13.00,102.00,167.00,237.00,254.00,0.00,7944
